{"cameraMode":{"drawMode":0,"name":"Shaded","section":"Shading Mode"},"sceneLighting":false,"audioPlay":false,"sceneViewState":{"m_AlwaysRefresh":false,"showFog":false,"showSkybox":false,"showFlares":false,"showImageEffects":false,"showParticleSystems":false,"showVisualEffectGraphs":true,"m_FxEnabled":true},"in2DMode":false,"pivot":{"x":0.2802060544490814,"y":-0.14206039905548097,"z":-1.4005472660064698},"rotation":{"x":-0.004130941350013018,"y":-0.9946786165237427,"z":0.09308283776044846,"w":-0.044187694787979129},"size":2.3889353275299074,"orthographic":false}