{"cameraMode":{"drawMode":0,"name":"Shaded","section":"Shading Mode"},"sceneLighting":false,"audioPlay":false,"sceneViewState":{"m_AlwaysRefresh":false,"showFog":true,"showSkybox":false,"showFlares":true,"showImageEffects":true,"showParticleSystems":true,"showVisualEffectGraphs":true,"m_FxEnabled":true},"in2DMode":false,"pivot":{"x":0.00024449825286865234,"y":1.2771999835968018,"z":-0.03740173578262329},"rotation":{"x":-0.014900252223014832,"y":-0.9837746024131775,"z":0.09802063554525376,"w":-0.14958377182483674},"size":1.7056876420974732,"orthographic":false}